North American Industry Classification System (NAICS),Jan-08,Feb-08,Mar-08,Apr-08,May-08,Jun-08,Jul-08,Aug-08,Sep-08,Oct-08,Nov-08,Dec-08,Jan-09,Feb-09,Mar-09,Apr-09,May-09,Jun-09,Jul-09,Aug-09,Sep-09,Oct-09,Nov-09,Dec-09,Jan-10,Feb-10,Mar-10,Apr-10,May-10,Jun-10,Jul-10,Aug-10,Sep-10,Oct-10,Nov-10,Dec-10,Jan-11,Feb-11,Mar-11,Apr-11,May-11,Jun-11,Jul-11,Aug-11,Sep-11,Oct-11,Nov-11,Dec-11,Jan-12,Feb-12,Mar-12,Apr-12,May-12,Jun-12,Jul-12,Aug-12,Sep-12,Oct-12,Nov-12,Dec-12,Jan-13,Feb-13,Mar-13,Apr-13,May-13,Jun-13,Jul-13,Aug-13,Sep-13,Oct-13,Nov-13,Dec-13,Jan-14,Feb-14,Mar-14,Apr-14,May-14,Jun-14,Jul-14,Aug-14,Sep-14,Oct-14,Nov-14,Dec-14,Jan-15,Feb-15,Mar-15,Apr-15,May-15,Jun-15,Jul-15,Aug-15,Sep-15,Oct-15,Nov-15,Dec-15,Jan-16,Feb-16,Mar-16,Apr-16,May-16,Jun-16,Jul-16,Aug-16,Sep-16,Oct-16,Nov-16,Dec-16,Jan-17,Feb-17,Mar-17,Apr-17,May-17,Jun-17,Jul-17,Aug-17,Sep-17,Oct-17,Nov-17,Dec-17,Jan-18,Feb-18,Mar-18,Apr-18,May-18,Jun-18,Jul-18,Aug-18,Sep-18,Oct-18,Nov-18,Dec-18,Jan-19,Feb-19,Mar-19,Apr-19,May-19,Jun-19,Jul-19,Aug-19,Sep-19,Oct-19,Nov-19,Dec-19,Jan-20,Feb-20,Mar-20,Apr-20,May-20,Jun-20,Jul-20,Aug-20,Sep-20,Oct-20,Nov-20,Dec-20,Jan-21,Feb-21,Mar-21,Apr-21,May-21,Jun-21,Jul-21,Aug-21,Sep-21,Oct-21,Nov-21,Dec-21,Jan-22,Feb-22,Mar-22,Apr-22,May-22,Jun-22,Jul-22,Aug-22,Sep-22,Oct-22,Nov-22,Dec-22,Jan-23,Feb-23,Mar-23,Apr-23,May-23,Jun-23,Jul-23,Aug-23,Sep-23,Oct-23,Nov-23
,Dollars,,,,,,,,,,,,,,,,,,,,,,,,,,,,,,,,,,,,,,,,,,,,,,,,,,,,,,,,,,,,,,,,,,,,,,,,,,,,,,,,,,,,,,,,,,,,,,,,,,,,,,,,,,,,,,,,,,,,,,,,,,,,,,,,,,,,,,,,,,,,,,,,,,,,,,,,,,,,,,,,,,,,,,,,,,,,,,,,,,,,,,,,,,,,,,
All industries  [T001] 4,"17,01,279","16,98,189","17,01,248","17,04,814","17,04,784","17,08,170","17,15,622","17,14,295","17,14,712","17,12,871","16,95,651","16,72,410","16,64,411","16,55,773","16,42,352","16,37,034","16,35,329","16,37,232","16,39,863","16,39,145","16,51,417","16,53,106","16,62,710","16,67,429","16,77,635","16,86,315","16,94,468","16,92,492","17,00,050","17,04,611","17,07,189","17,12,496","17,12,435","17,21,370","17,29,551","17,41,609","17,47,291","17,44,126","17,49,485","17,49,674","17,45,781","17,53,348","17,65,251","17,74,000","17,78,754","17,78,522","17,80,501","17,89,093","17,87,647","17,83,169","17,87,826","17,94,148","17,97,125","17,98,133","18,01,749","17,99,417","17,99,218","17,98,409","18,06,944","18,06,713","18,16,978","18,22,370","18,28,635","18,31,835","18,36,826","18,30,161","18,40,718","18,48,826","18,55,132","18,65,193","18,69,835","18,62,159","18,63,035","18,72,372","18,77,319","18,81,089","18,92,936","19,01,582","19,04,250","19,00,262","19,07,872","19,13,355","19,14,614","19,17,559","19,09,603","19,07,049","19,05,988","19,05,441","19,04,409","19,09,593","19,14,406","19,18,458","19,10,530","19,12,301","19,16,787","19,18,886","19,30,434","19,24,854","19,17,766","19,22,103","19,11,266","19,20,490","19,31,887","19,36,423","19,41,422","19,40,404","19,47,701","19,53,152","19,62,254","19,69,304","19,78,060","19,87,668","19,92,055","19,96,878","19,96,019","19,94,122","19,99,220","19,99,518","20,08,970","20,14,340","20,20,721","20,31,403","20,39,914","20,40,275","20,47,718","20,50,188","20,54,500","20,56,138","20,59,567","20,63,118","20,59,427","20,62,691","20,67,478","20,61,962","20,73,732","20,86,598","20,92,359","20,96,319","20,97,225","20,97,381","20,98,372","20,99,541","20,99,164","21,09,773","21,14,210","21,18,330","19,59,569","17,49,376","18,29,021","19,35,578","19,85,603","20,04,911","20,23,883","20,35,550","20,49,508","20,52,921","20,61,870","20,65,797","20,88,503","20,67,190","20,58,230","20,76,121","20,89,072","21,05,441","21,11,870","21,27,417","21,37,002","21,40,435","21,38,449","21,54,659","21,69,435","21,67,945","21,73,925","21,79,345","21,80,920","21,87,444","21,91,747","21,87,842","21,87,964","21,81,765","21,96,473","22,01,628","22,04,949","22,04,260","22,10,655","22,07,169","22,05,743","22,06,164","22,06,714","22,07,293","22,12,371"
Goods-producing industries  [T002] 4,"4,94,108","4,94,136","4,94,029","4,95,362","4,94,387","4,95,531","5,00,841","4,96,930","4,94,451","4,94,028","4,86,283","4,71,091","4,63,957","4,55,566","4,45,024","4,37,504","4,35,446","4,34,848","4,34,955","4,34,854","4,42,428","4,43,480","4,49,703","4,49,355","4,55,964","4,62,330","4,66,430","4,65,578","4,72,356","4,74,989","4,75,184","4,75,354","4,73,089","4,77,398","4,78,995","4,85,622","4,85,871","4,84,258","4,88,364","4,89,426","4,82,989","4,86,598","4,94,080","4,99,767","5,02,678","5,00,127","5,00,035","5,04,770","5,04,124","4,97,847","4,99,738","5,05,162","5,05,058","5,03,597","5,03,106","5,00,534","5,00,277","5,01,949","5,06,486","5,06,327","5,10,174","5,14,855","5,17,602","5,17,135","5,17,238","5,12,949","5,18,207","5,22,006","5,25,081","5,29,723","5,29,164","5,23,749","5,24,256","5,30,386","5,31,705","5,34,836","5,39,687","5,43,859","5,42,469","5,35,966","5,42,208","5,46,127","5,46,021","5,46,868","5,42,604","5,38,444","5,35,146","5,32,254","5,32,706","5,33,050","5,35,165","5,40,272","5,32,098","5,31,775","5,32,357","5,32,036","5,35,618","5,30,212","5,24,772","5,26,789","5,14,234","5,21,424","5,28,131","5,29,972","5,31,708","5,30,060","5,34,229","5,37,681","5,41,243","5,41,117","5,43,571","5,47,314","5,49,602","5,51,174","5,52,649","5,46,788","5,49,159","5,48,010","5,52,832","5,53,561","5,55,891","5,61,587","5,68,051","5,67,485","5,66,040","5,67,748","5,68,844","5,66,429","5,65,498","5,65,148","5,61,699","5,58,824","5,58,703","5,57,700","5,63,088","5,69,995","5,73,348","5,72,246","5,68,252","5,66,933","5,67,269","5,66,814","5,65,109","5,66,539","5,64,416","5,69,394","5,41,362","4,59,461","4,99,378","5,26,681","5,36,761","5,38,830","5,42,701","5,46,101","5,52,321","5,56,094","5,61,315","5,58,849","5,65,374","5,61,939","5,56,921","5,60,464","5,56,448","5,57,143","5,53,581","5,63,630","5,64,170","5,67,810","5,74,718","5,77,927","5,82,189","5,83,030","5,81,533","5,85,385","5,83,804","5,86,304","5,86,466","5,82,069","5,81,719","5,75,568","5,79,198","5,80,945","5,82,306","5,81,304","5,79,508","5,77,763","5,76,510","5,74,536","5,75,567","5,74,769","5,78,179"
Service-producing industries  [T003] 4,"12,04,113","12,01,076","12,04,678","12,07,028","12,08,236","12,10,437","12,11,907","12,15,031","12,18,239","12,16,510","12,07,244","12,00,557","12,02,314","12,02,176","11,99,502","12,01,906","12,02,253","12,04,742","12,07,250","12,06,585","12,11,028","12,11,690","12,14,958","12,20,258","12,23,988","12,26,075","12,29,951","12,28,781","12,29,010","12,30,660","12,32,927","12,38,010","12,40,277","12,44,616","12,51,142","12,56,213","12,61,789","12,60,319","12,61,270","12,60,334","12,63,669","12,67,630","12,71,775","12,74,674","12,76,639","12,79,413","12,81,587","12,85,065","12,84,283","12,86,483","12,88,997","12,89,367","12,92,413","12,94,971","12,99,149","12,99,575","12,99,646","12,97,016","13,00,838","13,00,852","13,07,261","13,07,697","13,11,141","13,14,973","13,19,993","13,17,815","13,22,884","13,26,996","13,30,072","13,35,262","13,40,563","13,38,482","13,38,723","13,41,741","13,45,494","13,46,015","13,52,953","13,57,318","13,61,641","13,64,661","13,65,617","13,66,946","13,68,312","13,70,318","13,67,403","13,68,960","13,71,174","13,73,473","13,71,947","13,76,746","13,79,433","13,78,341","13,78,523","13,80,602","13,84,457","13,86,853","13,95,008","13,94,697","13,92,951","13,95,321","13,96,728","13,98,921","14,03,709","14,06,416","14,09,687","14,10,245","14,13,405","14,15,439","14,21,952","14,29,160","14,35,347","14,40,962","14,42,645","14,45,604","14,42,975","14,46,767","14,49,388","14,50,822","14,55,497","14,60,269","14,64,592","14,69,585","14,71,644","14,72,653","14,81,669","14,82,461","14,85,692","14,89,801","14,94,208","14,98,103","14,97,864","15,04,036","15,08,902","15,04,365","15,10,723","15,16,636","15,19,029","15,24,125","15,29,043","15,30,541","15,31,214","15,32,876","15,34,245","15,43,433","15,49,655","15,49,060","14,19,280","12,89,139","13,30,132","14,09,246","14,48,916","14,65,909","14,80,918","14,89,213","14,97,148","14,97,040","15,00,996","15,07,168","15,23,400","15,05,704","15,01,558","15,15,820","15,32,252","15,47,625","15,57,206","15,63,080","15,71,930","15,71,865","15,63,427","15,76,370","15,86,970","15,84,798","15,92,106","15,93,882","15,96,927","16,01,040","16,05,145","16,05,422","16,05,871","16,05,494","16,16,544","16,19,956","16,21,903","16,22,131","16,30,045","16,28,202","16,27,962","16,30,186","16,29,785","16,31,071","16,32,907"
Business sector industries  [T004],"13,79,553","13,75,781","13,77,971","13,80,340","13,79,386","13,81,836","13,87,978","13,85,443","13,84,994","13,82,169","13,64,701","13,41,168","13,32,967","13,23,433","13,09,745","13,03,872","13,01,519","13,03,003","13,05,299","13,03,194","13,14,556","13,15,829","13,24,848","13,29,009","13,38,583","13,47,076","13,54,901","13,52,435","13,59,170","13,63,029","13,64,802","13,69,474","13,68,544","13,76,679","13,84,429","13,95,359","14,00,426","13,97,640","14,03,019","14,03,024","13,98,358","14,05,497","14,16,933","14,25,662","14,30,923","14,31,084","14,32,817","14,41,339","14,39,774","14,34,749","14,39,910","14,45,075","14,46,767","14,46,893","14,49,984","14,47,205","14,47,164","14,46,377","14,54,063","14,54,276","14,64,243","14,69,512","14,76,055","14,80,316","14,85,158","14,78,679","14,88,870","14,96,177","15,02,204","15,11,311","15,15,342","15,07,699","15,07,510","15,16,317","15,21,103","15,24,794","15,36,627","15,46,993","15,48,073","15,43,834","15,52,459","15,55,932","15,56,982","15,60,148","15,51,199","15,47,864","15,46,580","15,45,303","15,45,225","15,49,959","15,54,696","15,60,185","15,51,346","15,52,977","15,57,507","15,58,965","15,69,499","15,62,950","15,55,223","15,59,151","15,47,057","15,56,003","15,67,694","15,71,803","15,76,121","15,75,204","15,82,154","15,87,568","15,97,765","16,04,354","16,12,686","16,21,746","16,25,421","16,28,701","16,26,367","16,23,030","16,26,677","16,26,692","16,35,271","16,39,442","16,44,431","16,53,903","16,61,368","16,60,439","16,66,490","16,68,077","16,71,789","16,72,970","16,76,250","16,79,473","16,75,651","16,79,003","16,83,129","16,77,327","16,88,321","17,00,896","17,06,183","17,09,859","17,09,609","17,09,532","17,10,516","17,10,467","17,09,535","17,18,742","17,21,698","17,25,137","15,88,427","13,95,030","14,65,126","15,65,803","16,06,125","16,20,117","16,35,735","16,45,428","16,58,584","16,59,874","16,67,973","16,70,048","16,88,589","16,71,161","16,58,313","16,73,332","16,84,119","17,00,448","17,05,042","17,21,591","17,30,268","17,33,248","17,33,014","17,47,118","17,62,295","17,60,095","17,64,173","17,68,161","17,69,043","17,74,982","17,78,604","17,72,313","17,70,695","17,63,427","17,76,813","17,80,487","17,82,751","17,84,092","17,87,479","17,82,830","17,79,926","17,79,041","17,78,760","17,78,172","17,83,266"
Non-business sector industries  [T007],"3,20,855","3,21,796","3,22,737","3,24,039","3,25,062","3,25,963","3,27,175","3,28,477","3,29,311","3,30,356","3,30,957","3,31,866","3,32,657","3,33,721","3,34,217","3,34,923","3,35,663","3,36,124","3,36,496","3,38,023","3,38,887","3,39,337","3,39,891","3,40,489","3,41,164","3,41,334","3,41,567","3,42,064","3,42,711","3,43,257","3,43,867","3,44,293","3,45,085","3,45,641","3,45,834","3,46,794","3,47,215","3,46,898","3,46,825","3,47,133","3,48,171","3,48,730","3,49,329","3,49,526","3,49,254","3,49,031","3,49,339","3,49,288","3,49,243","3,49,843","3,49,062","3,50,019","3,51,165","3,51,856","3,52,185","3,52,626","3,52,388","3,52,355","3,53,205","3,52,827","3,53,039","3,53,172","3,52,972","3,51,942","3,52,132","3,52,007","3,52,315","3,53,044","3,53,226","3,54,028","3,54,490","3,54,365","3,55,230","3,55,839","3,56,131","3,56,295","3,56,325","3,54,536","3,56,267","3,56,601","3,55,477","3,57,502","3,57,685","3,57,373","3,58,474","3,59,216","3,59,438","3,60,161","3,59,160","3,59,612","3,59,699","3,58,202","3,59,130","3,59,289","3,59,212","3,59,864","3,60,962","3,61,881","3,62,548","3,62,978","3,64,230","3,64,513","3,64,208","3,64,618","3,65,283","3,65,167","3,65,448","3,65,432","3,65,432","3,66,008","3,66,357","3,66,679","3,66,951","3,68,123","3,69,244","3,70,476","3,71,760","3,72,011","3,72,936","3,74,279","3,75,940","3,77,204","3,78,358","3,79,757","3,81,238","3,82,181","3,82,831","3,83,317","3,83,480","3,83,823","3,83,939","3,83,808","3,84,414","3,84,691","3,85,476","3,85,743","3,86,218","3,86,496","3,87,611","3,87,828","3,87,818","3,89,033","3,89,554","3,90,918","3,92,858","3,93,529","3,71,110","3,53,338","3,63,095","3,69,515","3,79,178","3,84,420","3,87,795","3,89,795","3,90,697","3,92,794","3,93,744","3,95,539","3,99,720","3,95,822","3,99,453","4,02,317","4,04,489","4,04,626","4,06,410","4,05,541","4,06,452","4,06,875","4,05,153","4,07,316","4,07,082","4,07,800","4,09,702","4,11,173","4,11,876","4,12,509","4,13,206","4,15,482","4,17,174","4,18,147","4,19,545","4,20,983","4,21,973","4,19,993","4,22,901","4,23,968","4,25,353","4,26,587","4,27,407","4,28,490","4,28,536"
Industrial production  [T010] 4,"3,35,982","3,35,349","3,35,129","3,37,032","3,35,010","3,36,348","3,40,809","3,37,147","3,34,244","3,32,931","3,27,390","3,15,945","3,13,034","3,06,584","2,98,387","2,92,270","2,90,343","2,89,650","2,89,300","2,88,566","2,94,299","2,94,219","2,97,765","2,96,526","3,00,848","3,06,148","3,09,635","3,08,334","3,15,019","3,16,927","3,16,780","3,16,315","3,13,891","3,17,640","3,18,796","3,24,544","3,23,414","3,21,487","3,25,573","3,26,811","3,21,110","3,23,598","3,29,907","3,34,191","3,36,431","3,33,899","3,33,201","3,36,628","3,35,833","3,28,591","3,29,213","3,32,214","3,32,066","3,30,189","3,28,968","3,25,683","3,24,615","3,24,539","3,27,864","3,26,445","3,29,198","3,32,361","3,33,665","3,31,952","3,31,114","3,30,074","3,31,884","3,34,806","3,38,134","3,42,424","3,42,176","3,38,895","3,39,613","3,45,078","3,46,932","3,50,457","3,53,459","3,56,835","3,54,563","3,49,182","3,54,571","3,56,351","3,55,960","3,57,007","3,54,299","3,51,385","3,49,912","3,47,182","3,46,567","3,47,877","3,50,211","3,55,074","3,48,146","3,48,141","3,48,906","3,49,193","3,53,006","3,49,099","3,45,546","3,46,825","3,36,722","3,45,252","3,51,103","3,53,528","3,53,909","3,51,653","3,55,079","3,58,327","3,60,661","3,59,808","3,61,961","3,63,438","3,67,372","3,66,300","3,66,577","3,61,327","3,62,092","3,59,441","3,63,364","3,64,655","3,66,530","3,70,894","3,77,099","3,76,336","3,74,604","3,77,494","3,79,505","3,78,372","3,78,246","3,78,787","3,76,293","3,73,400","3,72,179","3,71,757","3,76,323","3,82,786","3,83,893","3,80,538","3,74,887","3,74,923","3,74,872","3,74,248","3,72,038","3,72,860","3,70,828","3,75,615","3,51,923","2,96,808","3,16,098","3,34,459","3,47,016","3,49,416","3,52,859","3,54,538","3,60,815","3,63,633","3,67,013","3,62,228","3,65,770","3,58,720","3,58,337","3,64,588","3,64,103","3,66,327","3,63,658","3,71,165","3,69,570","3,72,061","3,75,661","3,76,938","3,79,771","3,81,085","3,80,012","3,83,096","3,80,927","3,82,126","3,83,262","3,77,885","3,78,293","3,74,332","3,77,080","3,80,099","3,81,775","3,80,986","3,81,616","3,80,656","3,79,903","3,78,291","3,78,147","3,77,011","3,80,000"
Non-durable manufacturing industries  [T011] 4,"94,743","94,406","93,020","95,015","94,773","94,610","95,083","92,988","93,407","92,751","91,390","89,311","88,783","87,947","87,031","84,800","85,917","85,277","85,241","84,249","85,575","85,346","86,983","86,409","87,122","88,107","89,369","88,126","88,889","89,118","88,666","87,683","87,902","85,694","86,693","87,394","88,215","87,376","87,459","87,354","85,570","86,632","87,398","87,507","88,334","87,549","88,201","88,900","88,574","86,820","87,549","87,820","87,298","86,458","86,946","87,616","86,412","86,157","86,927","86,554","86,386","86,918","87,074","86,562","86,109","86,759","85,554","85,463","86,582","87,989","88,399","86,353","86,847","87,738","86,733","87,310","88,685","91,209","90,675","89,870","88,963","90,113","89,668","91,811","91,263","91,131","92,021","92,009","91,968","91,475","91,236","93,521","92,498","91,268","91,436","91,558","92,509","91,884","92,586","92,717","91,160","91,850","93,339","93,374","93,108","92,055","93,244","93,497","93,233","93,769","94,321","94,593","94,968","95,388","94,606","92,747","93,349","93,767","94,497","94,646","95,985","95,789","96,019","95,080","94,251","97,375","97,859","96,996","98,054","96,374","96,544","95,514","95,724","94,758","95,029","95,460","96,094","94,932","94,505","94,639","95,117","95,755","96,030","96,025","94,412","95,026","92,535","80,034","84,234","89,605","93,021","92,892","94,161","95,577","97,124","95,679","97,371","95,433","96,816","96,039","95,150","96,970","97,236","98,019","96,879","98,956","99,158","99,177","99,998","1,00,940","1,01,522","99,851","98,293","98,608","98,674","98,757","98,926","97,766","96,230","95,495","95,872","94,911","95,767","95,240","96,448","95,942","95,188","94,641","95,032","94,703","95,878"
Durable manufacturing industries  [T012] 4,"1,16,106","1,17,033","1,14,853","1,15,802","1,17,071","1,15,974","1,16,332","1,14,792","1,14,235","1,11,924","1,09,845","1,03,219","97,167","96,015","94,215","93,558","90,332","89,406","90,858","92,510","93,314","92,717","93,917","93,635","94,749","96,164","97,784","98,737","98,931","1,01,123","1,01,504","1,02,307","1,00,847","1,02,734","1,00,771","1,03,062","1,04,002","1,03,263","1,04,533","1,04,676","1,05,378","1,05,024","1,07,154","1,06,690","1,08,118","1,09,271","1,09,637","1,12,328","1,11,753","1,09,932","1,10,145","1,11,285","1,11,291","1,12,217","1,11,708","1,09,969","1,09,035","1,07,479","1,08,377","1,06,501","1,08,540","1,08,619","1,09,344","1,08,523","1,09,058","1,08,248","1,09,074","1,10,257","1,11,667","1,12,727","1,11,592","1,09,326","1,09,776","1,11,911","1,11,388","1,11,583","1,13,515","1,12,707","1,14,909","1,13,208","1,15,489","1,14,609","1,13,349","1,15,153","1,13,312","1,11,184","1,12,300","1,11,873","1,11,622","1,10,035","1,10,722","1,12,226","1,10,782","1,11,551","1,11,606","1,11,941","1,13,427","1,11,972","1,10,185","1,10,942","1,09,512","1,11,228","1,10,061","1,10,062","1,10,573","1,09,153","1,10,525","1,11,320","1,12,626","1,11,569","1,12,659","1,13,267","1,14,036","1,13,767","1,12,907","1,11,984","1,11,951","1,13,338","1,15,323","1,14,445","1,15,350","1,16,149","1,17,903","1,19,882","1,17,557","1,18,043","1,16,901","1,16,434","1,16,851","1,18,628","1,17,284","1,17,266","1,18,304","1,18,208","1,19,227","1,17,396","1,21,003","1,19,856","1,19,247","1,18,896","1,18,368","1,16,614","1,17,067","1,15,918","1,11,343","1,13,449","99,456","74,095","85,184","1,01,124","1,06,112","1,09,583","1,10,029","1,08,824","1,10,531","1,10,914","1,12,226","1,10,037","1,11,727","1,07,919","1,07,785","1,09,599","1,07,989","1,08,723","1,07,104","1,10,053","1,11,296","1,11,822","1,13,471","1,14,198","1,16,495","1,16,725","1,16,566","1,18,515","1,15,774","1,15,590","1,16,266","1,14,679","1,15,949","1,14,976","1,16,877","1,18,823","1,18,391","1,17,468","1,20,006","1,18,970","1,17,323","1,16,956","1,17,343","1,15,512","1,16,181"
Information and communication technology sector  [T013] 4,"72,757","72,562","72,725","72,709","73,187","73,117","72,748","73,125","73,926","73,045","72,516","72,333","72,260","72,331","71,683","71,208","71,036","70,620","70,811","71,208","70,775","71,675","71,997","72,026","72,587","72,808","73,120","72,980","73,115","73,766","74,675","74,605","74,686","75,362","75,872","76,606","76,413","76,238","76,664","76,512","76,834","77,070","77,769","77,232","76,928","77,437","77,170","77,518","77,042","77,298","77,218","77,647","77,585","77,464","77,625","77,366","77,058","76,588","77,081","76,127","76,853","76,300","75,796","75,753","75,649","75,337","75,695","76,365","76,889","77,606","78,297","78,010","78,345","78,375","78,652","78,883","78,737","79,759","80,654","81,462","81,587","81,565","81,673","82,025","81,296","81,848","82,215","82,318","82,472","83,023","83,100","82,550","82,967","83,057","83,142","83,395","83,559","84,191","84,420","84,042","85,287","85,228","85,972","86,967","86,948","87,413","87,218","87,658","87,469","87,816","88,446","89,116","89,367","90,444","89,800","89,463","90,445","90,391","91,745","92,462","93,899","94,917","95,597","95,722","96,061","96,434","96,717","97,396","97,731","98,097","98,501","98,836","99,893","1,00,655","1,01,002","1,01,515","1,01,878","1,03,221","1,03,150","1,04,049","1,04,585","1,04,996","1,06,286","1,07,122","1,05,826","1,06,189","1,02,406","1,03,472","1,03,478","1,04,930","1,06,183","1,07,032","1,07,259","1,08,894","1,09,856","1,09,403","1,12,318","1,11,027","1,10,997","1,11,250","1,11,568","1,11,664","1,12,762","1,13,820","1,15,142","1,16,390","1,17,637","1,18,877","1,20,158","1,21,294","1,21,632","1,21,905","1,22,765","1,23,211","1,25,131","1,25,334","1,26,195","1,26,365","1,25,604","1,25,430","1,25,483","1,26,272","1,25,536","1,25,918","1,25,861","1,26,465","1,25,020","1,25,108","1,24,821","1,24,482","1,24,259"
Energy sector  [T016] 4,"1,18,724","1,17,495","1,19,074","1,18,743","1,16,469","1,17,910","1,21,082","1,20,360","1,19,270","1,20,677","1,19,428","1,16,272","1,17,373","1,16,785","1,11,964","1,10,045","1,10,821","1,12,601","1,11,668","1,09,040","1,11,440","1,11,993","1,13,680","1,13,259","1,12,766","1,14,737","1,14,993","1,14,408","1,18,730","1,18,880","1,18,440","1,17,462","1,15,087","1,16,266","1,18,733","1,21,999","1,20,033","1,19,579","1,21,921","1,22,654","1,18,260","1,19,140","1,20,883","1,25,077","1,26,070","1,24,714","1,23,331","1,23,360","1,23,709","1,21,881","1,20,048","1,21,705","1,22,094","1,20,421","1,20,347","1,18,681","1,18,932","1,20,473","1,21,264","1,21,832","1,22,337","1,23,833","1,24,321","1,23,797","1,21,712","1,22,694","1,23,713","1,26,129","1,27,052","1,27,509","1,28,186","1,28,229","1,29,530","1,31,718","1,33,391","1,34,678","1,35,985","1,37,526","1,35,563","1,32,457","1,34,333","1,35,821","1,37,108","1,35,783","1,35,560","1,35,283","1,32,147","1,30,607","1,30,271","1,31,979","1,33,387","1,35,735","1,30,061","1,29,786","1,29,988","1,30,264","1,32,422","1,30,342","1,28,513","1,28,007","1,19,190","1,26,677","1,32,880","1,35,551","1,36,396","1,35,071","1,36,423","1,38,425","1,38,967","1,38,180","1,38,855","1,39,301","1,42,621","1,41,036","1,41,817","1,39,793","1,40,956","1,37,077","1,38,036","1,41,549","1,42,280","1,44,239","1,48,399","1,44,901","1,45,295","1,46,730","1,49,022","1,49,749","1,47,651","1,49,418","1,47,829","1,44,599","1,43,128","1,43,335","1,45,125","1,51,370","1,50,670","1,50,338","1,46,601","1,46,897","1,47,236","1,48,093","1,46,720","1,49,395","1,49,447","1,51,571","1,47,733","1,38,128","1,35,799","1,30,365","1,30,873","1,27,866","1,30,083","1,34,185","1,36,713","1,38,725","1,39,753","1,40,385","1,39,757","1,37,182","1,39,370","1,43,156","1,42,367","1,44,447","1,44,699","1,46,024","1,43,838","1,45,194","1,47,728","1,47,630","1,47,381","1,49,538","1,48,540","1,48,715","1,49,948","1,52,119","1,52,750","1,49,789","1,49,489","1,47,457","1,47,298","1,49,526","1,51,365","1,52,617","1,49,543","1,50,578","1,51,583","1,49,369","1,47,773","1,48,517","1,50,600"
Industrial production (1950 definition)  [T017] 4,"3,31,616","3,30,901","3,30,615","3,32,454","3,30,373","3,31,668","3,36,067","3,32,378","3,29,443","3,28,127","3,22,603","3,11,188","3,08,269","3,01,835","2,93,653","2,87,547","2,85,626","2,84,925","2,84,587","2,83,862","2,89,567","2,89,474","2,93,018","2,91,765","2,96,071","3,01,334","3,04,791","3,03,470","3,10,109","3,11,989","3,11,792","3,11,291","3,08,825","3,12,501","3,13,617","3,19,321","3,18,162","3,16,231","3,20,268","3,21,479","3,15,771","3,18,213","3,24,498","3,28,730","3,30,952","3,28,441","3,27,730","3,31,125","3,30,306","3,23,066","3,23,643","3,26,588","3,26,400","3,24,495","3,23,224","3,19,917","3,18,834","3,18,754","3,22,056","3,20,618","3,23,345","3,26,518","3,27,805","3,26,082","3,25,227","3,24,175","3,25,961","3,28,854","3,32,143","3,36,361","3,36,054","3,32,704","3,33,355","3,38,760","3,40,571","3,44,062","3,47,014","3,50,337","3,48,053","3,42,690","3,48,101","3,49,884","3,49,544","3,50,664","3,48,107","3,45,259","3,43,784","3,41,034","3,40,416","3,41,694","3,43,978","3,48,809","3,41,821","3,41,704","3,42,446","3,42,652","3,46,464","3,42,550","3,39,003","3,40,278","3,30,124","3,38,592","3,44,378","3,46,753","3,47,102","3,44,911","3,48,324","3,51,608","3,53,896","3,53,044","3,55,152","3,56,690","3,60,608","3,59,559","3,59,810","3,54,554","3,55,361","3,52,779","3,56,812","3,58,055","3,59,725","3,63,970","3,70,054","3,69,251","3,67,438","3,70,224","3,72,181","3,71,018","3,70,817","3,71,276","3,68,672","3,65,742","3,64,352","3,63,929","3,68,533","3,74,948","3,76,167","3,72,870","3,67,326","3,67,345","3,67,276","3,66,533","3,64,299","3,65,050","3,62,902","3,67,601","3,45,765","2,91,005","3,10,230","3,28,187","3,40,701","3,43,049","3,46,434","3,48,006","3,54,199","3,56,921","3,60,334","3,55,583","3,59,082","3,52,026","3,51,668","3,57,942","3,57,349","3,59,469","3,56,709","3,64,228","3,62,629","3,65,029","3,68,499","3,69,761","3,72,612","3,74,038","3,72,929","3,75,955","3,73,754","3,74,996","3,76,141","3,70,759","3,71,112","3,67,176","3,69,937","3,72,922","3,74,622","3,73,706","3,74,357","3,73,397","3,72,655","3,71,007","3,70,837","3,69,715","3,72,660"
Public Sector  [T018] 4,"3,46,392","3,47,321","3,48,110","3,49,467","3,50,550","3,51,482","3,52,730","3,54,179","3,55,291","3,56,325","3,56,878","3,57,977","3,59,181","3,60,391","3,60,929","3,61,665","3,62,422","3,63,062","3,63,257","3,64,729","3,65,611","3,66,046","3,66,675","3,67,322","3,68,072","3,68,249","3,68,544","3,69,052","3,69,721","3,70,378","3,71,322","3,71,764","3,72,631","3,73,463","3,73,934","3,74,909","3,75,353","3,74,900","3,74,943","3,75,187","3,76,340","3,76,994","3,77,583","3,77,789","3,77,622","3,77,310","3,77,690","3,77,677","3,77,552","3,78,128","3,77,272","3,78,309","3,79,467","3,80,025","3,80,582","3,80,956","3,80,717","3,80,601","3,81,234","3,80,639","3,80,851","3,80,650","3,80,397","3,79,505","3,79,753","3,79,730","3,80,090","3,80,790","3,81,135","3,81,984","3,82,555","3,82,517","3,82,936","3,83,237","3,83,545","3,83,548","3,83,575","3,81,970","3,83,870","3,84,188","3,82,757","3,84,691","3,85,182","3,84,926","3,86,070","3,87,009","3,87,333","3,88,198","3,87,388","3,88,124","3,88,397","3,87,207","3,88,149","3,88,630","3,88,734","3,89,601","3,90,737","3,91,774","3,92,674","3,93,135","3,94,486","3,94,918","3,94,766","3,95,217","3,95,928","3,95,865","3,96,117","3,96,101","3,96,412","3,97,134","3,97,723","3,97,854","3,98,185","3,99,492","4,00,334","4,01,775","4,03,165","4,03,208","4,04,202","4,05,664","4,07,681","4,08,961","4,10,345","4,11,896","4,13,415","4,14,471","4,15,353","4,15,830","4,16,232","4,16,767","4,17,221","4,17,656","4,18,482","4,18,729","4,19,473","4,19,782","4,20,068","4,20,636","4,22,133","4,22,839","4,22,968","4,24,208","4,24,986","4,26,840","4,27,611","4,28,777","4,00,814","3,74,363","3,86,762","4,00,322","4,12,423","4,17,886","4,21,477","4,24,445","4,25,745","4,27,803","4,29,306","4,30,935","4,35,198","4,31,387","4,34,951","4,37,986","4,40,509","4,40,703","4,42,817","4,41,911","4,42,706","4,43,379","4,41,828","4,43,803","4,43,866","4,44,388","4,46,045","4,47,535","4,48,577","4,49,169","4,50,079","4,51,915","4,53,334","4,54,345","4,55,696","4,57,451","4,58,590","4,56,561","4,59,572","4,60,694","4,61,961","4,63,326","4,64,284","4,65,502","4,65,614"
Content and media sector  [T019] 4,"14,673","14,758","14,708","14,739","14,777","14,854","14,863","15,225","15,146","15,046","14,977","14,904","15,147","15,028","15,069","14,942","14,859","14,782","14,726","14,569","14,631","14,618","14,632","14,575","14,527","14,635","14,368","14,179","14,151","14,122","14,086","13,987","14,087","14,124","14,203","14,194","14,043","14,082","14,088","14,149","14,061","13,970","13,904","13,888","13,832","13,878","13,831","13,808","13,788","13,915","13,772","13,692","13,692","13,742","13,822","14,022","13,870","13,751","13,747","13,945","13,877","13,815","13,891","14,005","14,071","14,085","14,174","14,310","14,314","14,341","14,392","14,586","14,682","14,804","14,800","14,694","14,871","14,969","14,856","14,857","14,697","14,667","14,670","14,504","14,260","14,130","13,961","13,899","13,733","13,743","13,857","13,866","13,785","13,914","13,871","13,852","13,997","14,056","14,082","14,040","14,057","14,103","14,082","14,539","14,357","14,318","14,336","14,314","14,393","14,346","14,426","14,416","14,496","14,449","14,353","14,280","14,264","14,007","14,008","14,042","14,097","14,332","14,220","14,124","14,265","14,326","14,379","14,171","14,032","14,125","14,103","14,178","14,275","14,144","14,132","14,261","14,324","14,478","14,339","14,370","14,383","14,441","14,543","14,642","14,318","14,471","12,022","9,373","9,680","10,547","11,469","12,957","13,082","13,164","13,017","13,056","13,033","12,973","13,209","13,057","13,280","13,341","13,640","14,308","13,909","13,868","13,764","14,014","13,833","14,292","13,964","13,950","14,112","13,974","13,858","14,007","14,107","14,025","13,999","13,783","13,760","13,873","13,749","13,752","13,648","13,470","13,124","12,839","12,611","12,400","12,536"
All industries (except cannabis sector)  [T020] 4,"16,99,259","16,96,091","16,99,093","17,02,604","17,02,489","17,05,801","17,13,174","17,11,748","17,12,060","17,10,120","16,92,826","16,69,491","16,61,374","16,52,767","16,39,419","16,34,174","16,32,524","16,34,489","16,37,165","16,36,496","16,48,815","16,50,552","16,60,189","16,64,984","16,75,241","16,84,012","16,92,153","16,90,129","16,97,592","17,02,027","17,04,363","17,09,455","17,09,241","17,18,023","17,26,084","17,38,063","17,43,700","17,40,578","17,45,977","17,46,252","17,42,471","17,50,218","17,62,311","17,71,310","17,76,361","17,76,307","17,78,319","17,86,793","17,85,069","17,80,492","17,85,000","17,91,170","17,94,052","17,94,952","17,98,488","17,96,125","17,95,890","17,95,082","18,03,620","18,03,425","18,13,725","18,19,087","18,25,359","18,28,552","18,33,516","18,26,843","18,37,326","18,45,343","18,51,580","18,61,529","18,66,068","18,58,297","18,59,020","18,68,432","18,73,482","18,77,337","18,89,236","18,97,923","19,00,643","18,96,662","19,04,257","19,09,710","19,10,926","19,13,807","19,06,024","19,03,355","19,02,151","19,01,508","19,00,361","19,05,503","19,10,261","19,14,244","19,06,310","19,08,087","19,12,552","19,14,674","19,26,367","19,20,762","19,13,682","19,18,032","19,07,192","19,16,406","19,27,788","19,32,302","19,37,324","19,36,265","19,43,538","19,48,980","19,59,058","19,66,242","19,74,917","19,84,320","19,88,300","19,92,673","19,91,435","19,89,314","19,94,255","19,94,552","20,03,965","20,09,289","20,15,642","20,26,354","20,34,997","20,35,482","20,43,034","20,45,539","20,49,845","20,51,479","20,54,978","20,58,596","20,54,970","20,58,296","20,62,364","20,56,988","20,68,549","20,81,060","20,86,564","20,90,460","20,91,147","20,91,244","20,92,241","20,92,593","20,92,628","21,03,554","21,07,760","21,11,928","19,53,277","17,43,276","18,22,862","19,29,266","19,79,247","19,98,627","20,17,693","20,29,264","20,43,207","20,46,513","20,55,650","20,59,633","20,82,222","20,60,896","20,51,860","20,69,641","20,82,493","20,98,824","21,05,122","21,20,506","21,30,019","21,33,302","21,31,248","21,47,417","21,62,158","21,60,741","21,66,729","21,72,270","21,73,947","21,80,546","21,84,945","21,81,126","21,81,404","21,75,401","21,90,316","21,95,344","21,98,477","21,97,608","22,03,924","22,00,271","21,98,710","21,98,998","21,99,485","21,99,946","22,05,030"
Cannabis sector  [T021] 4,"2,736","2,734","2,743","2,743","2,745","2,757","2,762","2,777","2,784","2,802","2,811","2,832","2,853","2,865","2,875","2,895","2,904","2,921","2,929","2,937","2,952","2,958","2,962","2,967","2,970","2,983","2,986","2,988","3,001","3,001","3,014","3,026","3,036","3,037","3,047","3,067","3,076","3,086","3,095","3,105","3,116","3,127","3,127","3,138","3,150","3,163","3,164","3,164","3,164","3,165","3,169","3,196","3,214","3,232","3,262","3,283","3,315","3,350","3,374","3,395","3,416","3,437","3,460","3,485","3,519","3,542","3,566","3,588","3,600","3,624","3,646","3,657","3,669","3,689","3,701","3,726","3,747","3,761","3,786","3,810","3,833","3,861","3,888","3,915","3,918","3,958","3,997","4,013","4,031","4,052","4,067","4,078","4,083","4,080","4,082","4,097","4,084","4,086","4,082","4,088","4,085","4,094","4,101","4,105","4,107","4,120","4,124","4,134","4,147","4,163","4,172","4,180","4,188","4,204","4,210","4,195","4,153","4,091","4,124","4,249","4,469","4,585","4,640","4,658","4,691","4,763","4,866","4,903","4,867","4,800","4,696","4,594","5,112","4,950","5,210","5,621","5,914","6,002","6,241","6,278","6,273","7,238","6,711","6,270","6,446","6,498","6,533","6,454","6,480","6,611","6,621","6,563","6,460","6,636","6,746","6,972","6,800","6,665","6,751","6,722","6,743","6,816","6,879","6,828","6,878","6,992","6,971","7,059","7,059","7,080","7,193","7,234","7,340","7,325","7,326","7,369","7,391","7,464","7,468","7,423","7,354","7,214","7,123","7,119","6,971","6,981","7,040","7,124","7,178","7,274","7,353"
All industries (except unlicensed cannabis sector)  [T024] 4,"16,98,681","16,95,699","16,98,855","17,02,483","17,02,471","17,05,870","17,13,311","17,11,970","17,12,300","17,10,393","16,93,079","16,69,757","16,61,623","16,52,981","16,39,582","16,34,257","16,32,556","16,34,457","16,37,114","16,36,415","16,48,717","16,50,436","16,60,073","16,64,868","16,75,108","16,83,859","16,92,051","16,90,044","16,97,540","17,01,992","17,04,414","17,09,557","17,09,377","17,18,176","17,26,221","17,38,167","17,43,752","17,40,593","17,45,995","17,46,286","17,42,540","17,50,269","17,62,381","17,71,364","17,76,415","17,76,271","17,78,194","17,86,686","17,84,835","17,78,830","17,84,793","17,90,688","17,93,197","17,95,221","17,99,621","17,97,670","17,97,051","17,95,742","18,03,101","18,02,764","18,13,482","18,21,618","18,27,854","18,29,295","18,34,008","18,26,069","18,35,579","18,44,467","18,51,909","18,62,327","18,65,186","18,55,602","18,62,625","18,74,284","18,75,495","18,79,837","18,88,667","18,92,691","18,94,854","18,93,867","19,03,580","19,10,373","19,10,790","19,14,699","19,05,791","19,03,178","19,02,035","19,01,431","19,00,342","19,05,506","19,10,325","19,14,351","19,06,456","19,08,284","19,12,810","19,14,988","19,26,720","19,21,142","19,14,026","19,18,323","19,07,428","19,16,605","19,27,913","19,32,346","19,37,255","19,36,133","19,43,275","19,48,630","19,58,430","19,65,555","19,74,275","19,83,803","19,88,026","19,92,720","19,91,857","19,89,990","19,95,120","19,95,499","20,05,025","20,10,456","20,16,937","20,27,539","20,36,018","20,36,332","20,43,695","20,46,041","20,50,178","20,51,731","20,55,230","20,58,933","20,55,368","20,58,722","20,63,482","20,58,022","20,69,892","20,82,857","20,88,740","20,92,828","20,93,825","20,94,089","20,95,204","20,96,484","20,96,200","21,06,881","21,11,401","21,15,473","19,56,579","17,46,317","18,25,902","19,32,392","19,82,379","20,01,714","20,20,711","20,32,455","20,46,517","20,50,068","20,59,173","20,63,001","20,85,639","20,64,257","20,55,253","20,73,124","20,86,082","21,02,489","21,08,957","21,24,589","21,34,270","21,37,842","21,35,999","21,52,134","21,66,826","21,65,311","21,71,236","21,76,639","21,78,202","21,84,719","21,89,027","21,85,132","21,85,284","21,79,119","21,93,882","21,99,094","22,02,420","22,01,733","22,08,151","22,04,642","22,03,227","22,03,657","22,04,216","22,04,757","22,09,842"
"Agriculture, forestry, fishing and hunting  [11]","31,041","31,702","32,285","32,780","32,520","32,727","33,327","33,569","33,676","34,002","33,609","32,985","33,065","32,810","32,079","31,506","30,353","30,322","30,524","30,193","30,612","30,726","31,084","30,921","31,115","31,387","31,342","31,477","31,457","31,479","31,754","31,663","31,778","31,700","31,761","32,155","32,517","32,609","33,046","33,103","32,977","32,695","32,598","33,027","32,986","32,966","33,066","32,982","32,391","32,331","32,073","32,379","32,422","32,738","33,183","33,531","33,732","34,246","34,903","35,780","36,646","37,393","38,046","38,523","39,058","39,325","39,910","40,289","40,284","39,981","39,518","39,028","37,578","37,011","36,856","36,704","36,409","36,242","36,135","35,743","35,632","35,957","36,093","36,450","36,692","37,148","37,235","37,634","37,815","37,816","38,048","38,208","38,491","38,766","38,784","39,196","39,157","39,033","39,034","39,004","39,118","39,266","39,601","39,822","40,086","40,247","40,099","40,121","40,320","40,592","40,766","40,574","40,510","40,302","40,428","40,409","40,489","40,356","40,428","40,322","40,618","40,731","40,561","40,635","40,614","40,455","40,316","40,176","40,035","39,805","39,848","39,830","40,722","40,643","40,735","41,057","41,394","41,677","41,485","41,380","41,152","42,053","41,398","41,076","40,817","40,797","41,022","40,453","41,002","41,378","41,840","41,989","41,970","42,024","41,865","41,295","40,760","40,164","39,562","39,079","38,743","38,165","36,753","34,926","34,460","35,083","36,752","38,865","39,652","40,161","40,726","41,223","41,762","42,183","43,192","44,439","44,419","44,052","43,376","42,679","42,191","41,750","41,252","40,815","40,154","39,722","39,097","38,472","38,130","38,669","39,589"
"Mining, quarrying, and oil and gas extraction  [21]","85,340","84,224","85,635","85,371","83,703","85,158","87,522","86,852","85,244","86,018","84,499","81,659","84,065","81,037","76,426","73,979","74,341","74,974","74,060","72,600","75,323","75,313","76,347","75,469","77,895","80,310","81,375","80,988","85,073","84,544","84,380","84,075","82,741","85,675","86,789","88,823","86,760","86,361","88,301","88,981","85,677","87,126","89,779","92,951","93,056","91,546","90,814","91,049","90,903","88,522","88,356","89,256","89,176","87,580","86,054","84,464","85,376","86,041","87,552","88,603","89,418","91,665","92,109","91,520","90,675","89,817","91,353","92,926","93,632","94,738","94,792","94,250","94,920","96,914","98,960","1,01,177","1,01,319","1,02,546","1,00,112","97,646","1,00,418","1,01,321","1,01,431","1,00,199","1,00,100","98,131","94,439","92,903","93,219","96,823","99,374","1,00,479","96,207","97,259","97,305","97,631","97,673","95,434","92,371","91,810","84,401","89,483","96,490","97,422","98,630","99,489","1,02,564","1,03,088","1,04,421","1,04,530","1,03,744","1,05,262","1,07,405","1,06,335","1,08,279","1,05,616","1,05,117","1,01,565","1,02,228","1,03,698","1,03,334","1,08,185","1,11,702","1,09,923","1,11,433","1,10,485","1,11,720","1,11,776","1,10,003","1,09,921","1,08,140","1,07,330","1,04,311","1,04,574","1,08,150","1,15,746","1,13,172","1,12,082","1,08,073","1,08,615","1,08,206","1,07,697","1,04,786","1,06,732","1,12,816","1,14,744","1,09,136","92,163","95,825","89,783","92,881","93,030","96,218","96,862","1,00,679","1,05,191","1,06,040","1,05,266","1,06,029","1,04,348","1,03,914","1,04,574","1,07,284","1,07,653","1,08,240","1,10,798","1,07,926","1,09,012","1,07,218","1,08,473","1,08,479","1,11,642","1,13,082","1,13,567","1,13,953","1,13,769","1,15,151","1,13,420","1,13,911","1,11,299","1,12,727","1,14,764","1,16,117","1,16,685","1,13,125","1,14,512","1,16,905","1,16,615","1,15,201","1,16,491","1,16,881"
Utilities  [22],"40,925","41,738","41,931","42,109","41,908","41,820","41,757","41,902","41,725","41,362","40,825","40,741","40,861","39,905","39,861","39,312","39,005","38,980","38,414","38,850","39,357","40,086","39,780","40,381","40,383","40,294","39,736","39,015","39,380","39,881","39,935","39,947","40,414","40,331","40,913","41,343","41,597","41,537","41,723","41,971","41,838","41,591","41,698","41,683","41,905","41,090","40,455","40,709","41,161","40,031","39,994","40,597","41,003","41,171","42,014","41,658","41,161","41,819","41,645","40,620","40,720","40,297","40,234","40,461","40,707","40,957","41,025","40,878","41,086","41,791","42,046","43,225","42,224","42,357","42,611","42,318","42,292","42,433","42,064","42,170","42,536","42,754","43,667","43,030","43,227","44,441","44,428","43,617","43,029","42,990","42,447","42,372","41,952","41,363","41,798","41,264","42,576","42,767","42,953","43,712","43,048","44,532","44,049","45,445","44,543","44,213","42,399","43,936","43,886","43,366","44,548","43,625","44,204","44,029","43,944","44,111","44,834","43,996","44,659","45,174","45,057","43,797","44,377","44,476","44,203","44,327","45,615","45,727","45,873","46,423","46,762","45,727","46,428","46,742","46,295","45,868","45,840","45,913","45,665","45,316","45,700","46,500","46,698","46,451","45,494","45,677","45,924","45,360","45,416","46,029","46,984","45,840","44,875","45,603","45,211","45,195","44,811","44,999","44,677","43,969","44,907","46,585","45,296","45,494","45,169","45,255","44,648","45,438","47,544","46,199","46,043","46,231","45,753","45,966","46,213","47,538","46,733","45,824","45,988","46,036","45,301","45,476","45,584","45,692","45,463","45,008","44,787","44,396","44,585","44,634","45,241"
Construction  [23],"1,29,094","1,29,332","1,28,939","1,27,587","1,29,267","1,28,672","1,28,634","1,28,469","1,29,126","1,29,958","1,28,212","1,25,483","1,21,388","1,19,843","1,18,362","1,17,645","1,18,501","1,18,672","1,18,998","1,19,971","1,21,316","1,22,458","1,24,834","1,26,021","1,28,218","1,28,842","1,29,352","1,29,878","1,29,576","1,30,256","1,30,490","1,31,343","1,31,662","1,32,143","1,32,543","1,32,816","1,34,153","1,34,592","1,33,909","1,33,577","1,33,332","1,34,734","1,35,672","1,36,560","1,37,187","1,37,353","1,37,996","1,39,324","1,40,537","1,42,076","1,43,739","1,45,978","1,46,028","1,46,307","1,46,790","1,47,435","1,48,183","1,49,595","1,50,090","1,50,680","1,50,691","1,51,433","1,52,359","1,53,401","1,54,015","1,50,288","1,53,466","1,53,941","1,53,506","1,53,981","1,54,183","1,52,622","1,53,924","1,54,819","1,54,295","1,53,792","1,55,907","1,56,736","1,57,972","1,57,442","1,58,023","1,59,952","1,60,105","1,59,415","1,57,615","1,55,844","1,53,938","1,53,395","1,54,273","1,53,358","1,52,972","1,53,116","1,51,634","1,51,165","1,51,004","1,50,073","1,49,833","1,48,473","1,46,601","1,47,374","1,44,806","1,43,574","1,44,238","1,43,553","1,44,649","1,44,991","1,45,924","1,46,111","1,47,102","1,47,535","1,47,688","1,50,079","1,48,501","1,51,318","1,52,399","1,51,801","1,53,275","1,54,830","1,55,541","1,55,123","1,55,643","1,56,937","1,57,373","1,57,554","1,57,990","1,56,989","1,56,217","1,55,101","1,54,497","1,53,886","1,53,043","1,53,182","1,53,677","1,53,177","1,53,820","1,53,922","1,55,749","1,57,743","1,59,565","1,58,276","1,58,867","1,58,305","1,59,440","1,60,379","1,60,975","1,61,295","1,54,741","1,28,214","1,47,989","1,56,908","1,54,256","1,53,859","1,54,386","1,56,127","1,56,390","1,58,000","1,60,327","1,63,068","1,66,647","1,70,526","1,66,329","1,64,317","1,62,359","1,62,774","1,62,416","1,64,363","1,64,810","1,64,000","1,66,629","1,68,030","1,68,890","1,67,863","1,66,948","1,67,385","1,66,989","1,67,013","1,66,083","1,67,323","1,67,296","1,65,795","1,67,141","1,66,405","1,66,572","1,66,897","1,65,174","1,64,814","1,64,912","1,65,177","1,66,669","1,66,449","1,66,052"
Manufacturing  [31-33],"2,11,161","2,11,816","2,08,218","2,11,094","2,12,205","2,10,897","2,11,728","2,08,149","2,07,974","2,04,937","2,01,488","1,92,582","1,85,704","1,83,731","1,81,008","1,78,190","1,75,952","1,74,393","1,75,857","1,76,609","1,78,718","1,77,885","1,80,697","1,79,849","1,81,713","1,84,112","1,86,990","1,86,754","1,87,685","1,90,148","1,90,088","1,89,949","1,88,664","1,88,435","1,87,395","1,90,408","1,92,225","1,90,644","1,91,991","1,92,026","1,90,951","1,91,645","1,94,543","1,94,185","1,96,436","1,96,805","1,97,820","2,01,216","2,00,312","1,96,727","1,97,672","1,99,070","1,98,543","1,98,598","1,98,589","1,97,556","1,95,411","1,93,616","1,95,289","1,93,059","1,94,900","1,95,516","1,96,393","1,95,062","1,95,133","1,94,985","1,94,587","1,95,665","1,98,198","2,00,668","1,99,960","1,95,648","1,96,586","1,99,607","1,98,079","1,98,849","2,02,151","2,03,888","2,05,548","2,03,041","2,04,405","2,04,684","2,02,985","2,06,938","2,04,549","2,02,312","2,04,317","2,03,882","2,03,590","2,01,524","2,01,957","2,05,761","2,03,295","2,02,810","2,03,034","2,03,484","2,05,931","2,03,853","2,02,774","2,03,660","2,00,673","2,03,078","2,03,400","2,03,436","2,03,680","2,01,207","2,03,771","2,04,819","2,05,860","2,05,346","2,06,984","2,07,865","2,09,008","2,09,156","2,07,512","2,04,730","2,05,297","2,07,099","2,09,810","2,09,077","2,11,361","2,11,933","2,13,872","2,14,825","2,11,708","2,15,410","2,14,802","2,13,459","2,14,960","2,14,957","2,13,830","2,12,755","2,13,988","2,12,908","2,14,190","2,12,829","2,17,024","2,14,707","2,13,667","2,13,450","2,13,408","2,12,314","2,13,025","2,11,870","2,05,835","2,08,549","1,91,945","1,53,978","1,69,312","1,90,699","1,99,105","2,02,472","2,04,176","2,04,361","2,07,613","2,06,575","2,09,576","2,05,456","2,08,535","2,03,940","2,02,926","2,06,561","2,05,193","2,06,706","2,03,946","2,08,965","2,10,425","2,10,979","2,13,454","2,15,118","2,18,007","2,16,589","2,14,883","2,17,161","2,14,462","2,14,368","2,15,211","2,12,456","2,12,217","2,10,518","2,12,801","2,13,813","2,14,225","2,12,771","2,16,527","2,14,981","2,12,574","2,11,664","2,12,441","2,10,269","2,12,106"
Wholesale trade  [41],"89,361","88,214","89,137","88,831","89,322","89,957","90,318","89,865","89,667","88,624","86,272","83,618","82,081","81,676","81,010","80,951","81,408","81,600","82,468","82,728","82,764","83,147","84,671","86,264","87,354","86,799","87,493","87,441","87,489","88,255","87,302","89,015","89,379","90,086","91,474","93,189","94,653","93,252","94,263","93,217","94,290","93,914","96,565","95,798","96,144","97,373","97,449","98,196","96,354","97,527","98,664","99,106","98,612","98,847","99,228","99,206","99,090","98,440","1,00,470","99,589","1,00,766","1,01,541","1,01,481","1,01,925","1,02,792","1,00,933","1,03,810","1,03,651","1,04,371","1,04,971","1,05,279","1,03,665","1,03,068","1,04,531","1,04,770","1,04,449","1,06,142","1,06,784","1,06,256","1,07,035","1,08,413","1,05,557","1,04,734","1,05,041","1,03,308","1,02,834","1,02,448","1,03,424","1,02,335","1,02,788","1,01,742","1,00,635","1,00,460","1,00,733","1,01,884","1,02,827","1,05,172","1,01,496","1,00,239","1,01,504","1,01,030","1,01,206","1,01,882","1,01,304","1,01,363","1,01,942","1,02,823","1,03,401","1,03,655","1,04,822","1,05,896","1,05,895","1,05,112","1,05,127","1,04,188","1,05,781","1,05,034","1,06,324","1,06,885","1,07,173","1,06,660","1,06,949","1,08,378","1,07,939","1,10,763","1,09,193","1,09,430","1,09,516","1,09,692","1,10,196","1,08,871","1,09,765","1,09,708","1,09,938","1,11,805","1,12,782","1,12,465","1,14,337","1,14,696","1,12,249","1,14,536","1,13,318","1,12,768","1,15,094","1,13,119","1,14,166","1,08,507","89,276","94,271","1,11,745","1,17,570","1,18,065","1,18,855","1,18,888","1,19,227","1,18,691","1,20,164","1,18,025","1,21,005","1,20,570","1,18,522","1,16,010","1,15,537","1,16,074","1,17,882","1,19,021","1,22,420","1,23,250","1,23,725","1,21,937","1,20,863","1,18,804","1,19,490","1,18,914","1,18,303","1,18,889","1,18,685","1,18,617","1,17,655","1,16,774","1,19,594","1,19,386","1,17,916","1,16,347","1,19,560","1,17,114","1,17,882","1,18,950","1,18,271","1,17,712","1,18,490"
Retail trade  [44-45],"89,308","88,545","88,691","88,996","88,937","89,273","88,889","89,016","89,720","88,831","86,933","84,691","86,206","86,051","85,813","85,795","86,193","86,363","86,494","86,536","87,047","86,945","85,535","86,959","88,267","88,299","90,134","88,080","87,751","88,362","88,599","89,007","89,008","88,643","90,104","89,659","89,452","89,468","88,222","89,195","89,204","90,347","89,516","89,372","89,550","90,081","90,001","91,357","90,041","89,436","90,010","89,120","89,749","89,978","90,392","89,847","89,809","90,102","91,369","91,154","93,222","92,838","93,198","94,096","95,707","94,622","95,424","96,477","96,039","96,376","96,807","96,455","96,560","96,695","96,567","95,625","95,455","96,133","96,596","96,147","95,949","95,627","96,062","96,073","94,042","94,911","95,740","95,125","94,968","95,792","96,253","96,414","97,162","96,333","98,021","97,239","99,070","99,972","98,543","99,736","98,898","98,493","99,363","99,353","1,00,198","1,00,484","1,00,906","1,00,892","1,02,746","1,02,750","1,02,482","1,02,992","1,02,260","1,02,533","1,01,527","1,01,403","1,01,026","1,03,188","1,02,627","1,02,078","1,02,488","1,03,545","1,03,461","1,02,888","1,05,642","1,04,923","1,04,839","1,06,031","1,06,727","1,06,809","1,06,498","1,06,737","1,06,801","1,06,205","1,07,135","1,06,868","1,06,953","1,07,565","1,07,506","1,07,643","1,07,517","1,06,455","1,06,881","1,08,787","1,07,448","1,06,599","95,554","79,221","92,512","1,08,103","1,07,631","1,07,233","1,10,193","1,11,557","1,12,716","1,09,449","1,06,754","1,13,382","1,16,439","1,09,613","1,05,818","1,11,258","1,11,211","1,13,581","1,12,985","1,13,922","1,14,414","1,11,443","1,12,587","1,13,009","1,14,787","1,13,584","1,14,315","1,13,533","1,13,342","1,14,045","1,13,727","1,13,087","1,12,066","1,13,090","1,14,456","1,14,785","1,14,199","1,15,048","1,15,470","1,15,355","1,15,228","1,15,063","1,15,239","1,16,319","1,16,169"
Transportation and warehousing  [48-49],"72,915","72,909","72,906","73,038","73,260","73,484","73,709","73,364","73,436","73,436","73,064","71,715","70,773","70,583","69,697","70,149","69,353","70,003","70,547","69,773","70,748","70,965","71,137","71,611","71,833","72,458","73,084","72,663","72,881","73,197","73,714","73,714","73,018","73,440","73,284","74,396","76,158","75,524","76,048","75,275","75,325","74,031","76,307","76,472","76,510","76,519","76,598","76,851","77,073","76,563","76,728","77,031","76,912","77,431","77,039","77,450","77,388","76,473","76,947","76,773","76,811","77,126","78,004","78,675","78,051","77,326","76,616","77,588","78,902","80,272","80,974","79,999","80,489","81,359","82,099","81,792","83,725","84,210","83,856","83,431","83,833","83,740","83,423","84,704","84,134","83,617","84,313","84,350","84,477","85,054","85,747","86,205","85,880","85,840","86,736","86,624","86,625","87,117","86,157","85,863","86,027","86,329","86,767","88,226","88,182","88,400","88,772","88,931","90,239","90,359","90,980","92,078","92,580","93,399","92,648","93,051","93,729","93,145","94,194","94,618","94,940","95,201","94,591","93,825","93,727","94,008","94,049","94,095","94,859","94,365","93,782","94,698","95,418","94,107","94,598","95,634","96,807","96,606","98,048","98,950","98,263","98,806","99,110","1,01,925","1,00,114","98,253","82,538","58,498","59,513","65,251","67,909","68,287","69,881","71,315","73,214","74,403","73,524","72,337","73,156","72,455","71,929","72,205","75,218","77,890","78,922","79,703","80,907","81,402","77,482","80,493","84,028","84,975","86,464","87,411","86,687","86,952","88,163","88,748","89,057","87,544","89,163","89,461","90,237","90,517","90,725","90,428","90,261","90,966","91,163","90,925","91,643"
Information and cultural industries  [51],"53,292","53,428","53,337","53,309","53,335","53,364","53,340","53,794","53,792","53,531","53,186","52,920","53,515","53,208","52,992","52,750","52,564","52,528","52,400","52,147","52,351","52,512","52,671","52,856","53,034","53,357","53,383","53,372","53,373","53,587","53,908","53,882","54,168","54,378","54,700","54,772","54,602","54,503","54,614","54,606","54,587","54,536","54,443","54,549","54,576","54,595","54,602","54,603","54,782","55,006","54,919","54,955","55,038","55,106","55,368","55,552","55,286","54,921","54,698","54,730","54,647","54,338","54,320","54,438","54,493","54,522","54,610","54,750","54,831","55,005","55,213","55,584","55,612","55,697","55,859","55,767","56,142","56,546","56,744","56,953","56,855","57,041","57,339","57,350","56,969","57,032","57,097","57,274","57,200","57,489","57,762","57,874","57,882","58,281","58,436","58,613","58,757","58,977","59,173","59,085","59,421","59,689","59,924","60,572","60,503","60,496","60,743","60,942","61,209","61,480","61,799","61,921","62,162","62,152","61,994","62,072","62,309","62,087","62,288","62,587","63,125","63,681","63,964","63,987","64,308","64,588","64,962","65,009","65,183","65,480","65,743","66,250","66,855","67,070","67,436","68,055","68,369","68,862","68,995","69,409","69,507","70,220","70,624","71,146","70,324","70,444","66,607","64,720","64,856","66,124","66,979","68,398","68,550","68,999","69,057","69,250","69,582","69,524","69,851","69,766","70,073","70,349","71,147","72,360","72,157","72,542","72,729","73,312","73,293","73,849","73,743","73,583","73,791","73,840","74,162","74,363","74,539","74,144","74,113","73,620","73,813","74,189","74,173","74,458","74,462","74,204","73,374","73,074","72,906","72,766","73,153"
Finance and insurance  [52],"1,03,940","1,02,629","1,03,443","1,03,437","1,02,120","1,01,756","1,01,693","1,01,179","1,01,828","1,03,246","1,00,859","1,00,944","1,00,784","1,00,728","1,01,148","1,01,471","1,01,060","1,01,129","1,01,242","1,00,525","1,01,697","1,01,292","1,02,087","1,01,682","1,01,335","1,00,864","1,01,842","1,02,299","1,03,257","1,02,521","1,03,218","1,04,139","1,04,443","1,05,045","1,05,936","1,06,392","1,06,696","1,06,833","1,06,749","1,06,215","1,06,268","1,07,230","1,06,394","1,08,564","1,07,650","1,07,459","1,07,043","1,06,311","1,07,250","1,07,564","1,07,856","1,06,985","1,08,819","1,09,155","1,09,585","1,09,683","1,10,138","1,09,590","1,09,229","1,10,574","1,10,144","1,10,458","1,11,214","1,12,287","1,13,168","1,13,637","1,14,286","1,13,602","1,12,897","1,13,529","1,14,671","1,14,405","1,14,237","1,13,749","1,13,687","1,14,096","1,14,126","1,14,983","1,15,566","1,16,396","1,17,684","1,19,269","1,18,887","1,19,728","1,20,815","1,21,222","1,21,438","1,20,964","1,20,422","1,21,062","1,22,548","1,22,715","1,22,411","1,22,553","1,21,992","1,22,127","1,24,148","1,23,778","1,24,024","1,24,281","1,24,111","1,24,836","1,26,771","1,27,092","1,28,123","1,27,501","1,28,374","1,28,551","1,27,843","1,30,723","1,32,445","1,34,087","1,36,868","1,37,453","1,36,746","1,36,017","1,36,184","1,36,449","1,37,192","1,37,885","1,37,957","1,38,903","1,37,262","1,36,843","1,37,409","1,37,082","1,37,070","1,38,532","1,38,934","1,40,623","1,39,712","1,40,029","1,40,611","1,39,193","1,39,951","1,40,844","1,41,007","1,41,186","1,41,857","1,42,782","1,42,980","1,43,846","1,44,281","1,45,486","1,45,058","1,46,136","1,40,866","1,43,946","1,44,027","1,46,234","1,47,021","1,47,455","1,48,003","1,50,153","1,51,352","1,51,541","1,51,911","1,52,303","1,52,494","1,51,204","1,51,246","1,52,148","1,53,897","1,55,529","1,56,511","1,56,268","1,56,454","1,56,799","1,57,155","1,56,994","1,57,757","1,56,964","1,56,736","1,55,835","1,56,404","1,56,136","1,56,508","1,55,661","1,56,663","1,56,291","1,56,724","1,56,839","1,57,496","1,57,068","1,57,262","1,57,166","1,56,745","1,57,063","1,56,543","1,56,761","1,56,451"
Real estate and rental and leasing  [53],"1,98,297","1,98,196","1,98,440","1,98,785","1,99,089","1,99,532","1,99,868","2,00,491","2,01,277","1,99,849","1,98,971","1,99,067","1,98,818","1,99,740","2,00,425","2,02,358","2,04,188","2,05,610","2,06,406","2,06,537","2,07,050","2,08,209","2,08,687","2,09,876","2,10,149","2,10,261","2,10,630","2,11,575","2,10,660","2,10,231","2,10,031","2,11,080","2,11,769","2,12,741","2,13,744","2,14,440","2,15,823","2,16,195","2,16,367","2,16,037","2,16,130","2,16,961","2,17,719","2,18,464","2,19,413","2,20,270","2,21,170","2,22,329","2,22,791","2,23,542","2,23,963","2,24,724","2,24,353","2,24,460","2,25,088","2,24,981","2,25,838","2,26,375","2,26,649","2,27,140","2,28,173","2,28,446","2,29,229","2,29,746","2,30,263","2,31,153","2,31,742","2,32,393","2,32,901","2,33,178","2,33,593","2,34,033","2,34,039","2,34,430","2,34,982","2,35,564","2,37,016","2,37,781","2,38,655","2,39,260","2,39,634","2,40,121","2,40,705","2,40,813","2,40,813","2,41,646","2,42,474","2,43,491","2,44,754","2,45,171","2,45,492","2,45,997","2,45,998","2,46,731","2,47,329","2,47,980","2,48,210","2,49,076","2,49,576","2,50,131","2,50,475","2,51,032","2,51,121","2,51,100","2,51,375","2,52,516","2,52,296","2,53,353","2,54,290","2,55,697","2,56,667","2,57,003","2,56,933","2,56,841","2,57,098","2,58,067","2,59,026","2,59,764","2,60,984","2,63,018","2,61,882","2,61,292","2,61,628","2,62,561","2,63,183","2,64,373","2,65,228","2,65,899","2,66,458","2,66,682","2,66,971","2,67,027","2,68,526","2,67,311","2,67,814","2,69,120","2,70,621","2,71,624","2,72,839","2,73,387","2,74,082","2,74,595","2,74,635","2,74,694","2,74,185","2,74,973","2,71,137","2,62,533","2,66,199","2,73,641","2,79,375","2,80,980","2,82,703","2,81,717","2,81,325","2,83,844","2,84,978","2,85,412","2,85,700","2,85,542","2,84,974","2,84,917","2,85,286","2,85,737","2,86,612","2,88,396","2,88,637","2,88,677","2,89,537","2,90,222","2,88,386","2,87,078","2,86,914","2,86,657","2,86,840","2,87,020","2,87,074","2,86,912","2,86,966","2,87,366","2,87,705","2,88,443","2,89,307","2,90,696","2,91,901","2,92,729","2,92,861","2,92,819","2,92,742","2,92,180","2,92,352"
"Professional, scientific and technical services  [54]","98,821","99,160","99,383","99,736","1,00,078","1,00,400","1,00,392","1,01,338","1,01,541","1,00,966","1,00,109","99,627","99,650","99,332","98,160","98,007","97,674","97,529","97,247","97,025","96,677","96,583","96,849","96,507","96,750","96,742","97,128","97,263","97,020","97,181","97,894","97,757","98,047","98,630","99,165","99,808","1,00,389","1,00,908","1,01,224","1,01,262","1,01,620","1,02,463","1,02,415","1,02,966","1,03,571","1,04,101","1,04,518","1,04,938","1,04,769","1,04,876","1,04,718","1,04,912","1,05,074","1,05,117","1,05,895","1,05,972","1,05,988","1,05,775","1,05,539","1,05,933","1,06,255","1,06,131","1,06,553","1,07,076","1,07,745","1,07,901","1,07,970","1,08,512","1,09,580","1,09,806","1,10,382","1,10,864","1,10,432","1,10,922","1,11,762","1,12,458","1,12,952","1,14,428","1,15,599","1,15,902","1,15,355","1,15,146","1,15,638","1,15,018","1,14,468","1,14,001","1,13,583","1,13,291","1,13,116","1,12,883","1,12,884","1,13,183","1,12,855","1,13,202","1,13,584","1,13,951","1,14,275","1,14,637","1,15,107","1,14,905","1,15,715","1,15,846","1,16,144","1,16,496","1,17,048","1,17,094","1,17,338","1,17,610","1,17,263","1,18,112","1,18,752","1,19,363","1,19,810","1,19,911","1,19,830","1,20,176","1,20,865","1,20,498","1,21,327","1,22,473","1,23,038","1,23,813","1,24,562","1,24,964","1,24,992","1,25,364","1,25,609","1,25,701","1,25,861","1,26,266","1,26,868","1,28,446","1,28,664","1,28,736","1,28,872","1,29,753","1,29,581","1,30,481","1,31,449","1,32,258","1,32,176","1,32,717","1,33,652","1,34,069","1,33,749","1,34,983","1,20,222","1,19,181","1,20,626","1,25,080","1,28,361","1,30,616","1,32,637","1,34,798","1,36,214","1,35,745","1,37,209","1,37,319","1,37,758","1,37,233","1,37,209","1,37,880","1,39,649","1,40,949","1,43,145","1,44,204","1,45,006","1,46,099","1,47,711","1,49,177","1,50,506","1,50,765","1,51,552","1,51,923","1,53,677","1,54,622","1,55,818","1,55,637","1,55,198","1,55,742","1,56,673","1,57,061","1,57,512","1,57,958","1,58,290","1,58,378","1,57,380","1,57,451","1,57,167","1,57,128","1,56,982"
Management of companies and enterprises  [55],"11,401","11,514","11,639","11,712","11,791","11,846","11,877","12,010","12,076","12,235","12,333","12,461","12,464","12,272","12,172","12,093","11,983","11,884","11,800","11,659","11,600","11,576","11,511","11,522","11,436","11,404","11,479","11,372","11,334","11,331","11,424","11,487","11,572","11,526","11,560","11,509","11,516","11,521","11,521","11,553","11,622","11,773","11,707","11,667","11,626","11,559","11,512","11,467","11,571","11,658","11,768","11,640","11,593","11,544","11,586","11,607","11,633","11,586","11,586","11,535","11,863","12,003","12,225","12,435","12,534","12,621","12,610","12,594","12,550","12,471","12,327","12,134","11,898","11,700","11,575","11,454","11,400","11,408","11,420","11,418","11,366","11,416","11,571","11,661","11,942","12,051","12,101","12,203","12,227","12,253","12,195","12,083","11,966","11,830","11,662","11,499","11,299","11,015","10,680","10,488","10,349","10,191","10,103","10,013","9,894","9,756","9,680","9,605","9,779","9,727","9,609","9,538","9,450","9,346","9,148","8,974","8,766","8,548","8,331","8,152","7,873","7,557","7,275","7,061","6,868","6,712","6,598","6,510","6,454","6,376","6,353","6,335","6,141","6,031","5,855","5,833","5,729","5,660","5,490","5,335","5,154","5,014","4,864","4,762","4,523","4,430","4,268","4,205","4,102","4,004","3,819","3,667","3,536","3,439","3,321","3,222","3,137","3,094","3,008","2,948","2,902","2,830","2,813","2,767","2,742","2,657","2,581","2,517","2,452","2,407","2,376","2,268","2,170","2,096","2,050","1,995","1,934","1,875","1,810","1,743","1,636","1,611","1,575","1,520","1,489","1,423","1,374","1,327","1,239","1,208","1,114"
"Administrative and support, waste management and remediation services  [56]","52,550","52,392","52,274","52,017","51,884","51,658","51,513","51,626","51,496","51,317","50,895","50,528","50,844","50,406","49,966","49,574","49,335","49,105","48,902","48,643","48,820","48,889","48,997","49,247","49,345","49,703","49,884","50,020","50,045","50,222","50,580","50,581","50,691","50,737","50,800","50,775","50,661","50,553","50,580","50,526","50,514","50,800","50,838","50,955","51,125","51,245","51,594","51,999","52,381","52,624","52,740","53,107","53,393","53,501","53,902","54,007","53,914","53,757","53,670","53,503","53,576","53,281","53,245","53,212","53,377","53,432","53,498","53,687","53,839","54,328","54,685","54,874","54,734","54,802","55,106","55,320","55,753","56,131","56,229","56,420","56,367","56,530","56,620","56,608","56,671","56,806","56,758","56,689","56,690","56,747","56,967","57,010","57,065","57,297","57,246","57,177","57,247","57,323","57,282","57,047","56,993","56,923","56,932","56,908","56,814","56,479","56,377","56,631","56,678","56,561","56,626","56,520","56,669","56,703","56,421","56,262","56,032","55,512","55,554","55,822","56,789","57,053","57,337","57,520","57,676","58,016","58,111","58,184","58,578","58,760","59,307","59,089","59,197","58,919","58,705","58,442","58,318","58,388","58,649","58,792","58,868","59,067","59,170","59,193","58,663","58,733","48,094","41,281","42,467","47,625","48,646","50,354","51,480","52,249","52,664","52,976","53,487","52,531","52,403","52,261","51,798","51,848","52,390","53,048","53,173","53,502","53,602","54,205","54,676","55,247","55,479","55,184","55,375","55,497","55,708","55,841","55,954","55,630","55,776","55,681","55,886","56,124","55,898","56,231","56,071","55,892","55,614","55,497","55,531","55,435","55,398"
Educational services  [61],"95,091","95,331","95,540","95,825","96,102","96,202","96,514","96,912","96,940","96,986","96,830","96,976","96,965","97,324","97,239","97,327","97,347","97,443","97,618","97,779","98,034","98,309","98,531","98,791","98,946","99,016","99,191","99,167","99,482","99,595","99,775","99,789","99,889","1,00,054","1,00,202","1,00,513","1,00,414","1,00,378","1,00,113","1,00,041","1,00,240","1,00,331","1,00,687","1,00,802","1,00,574","1,00,572","1,00,670","1,00,791","1,00,784","1,01,245","1,00,923","1,01,410","1,02,178","1,02,687","1,03,056","1,03,188","1,03,281","1,03,389","1,03,443","1,03,332","1,03,587","1,03,903","1,03,950","1,03,501","1,03,636","1,03,296","1,03,373","1,03,827","1,04,184","1,04,692","1,04,844","1,04,587","1,05,119","1,05,264","1,05,414","1,05,529","1,05,240","1,03,385","1,05,151","1,05,591","1,04,380","1,06,447","1,06,852","1,06,583","1,07,183","1,07,333","1,07,087","1,07,419","1,06,635","1,07,143","1,06,956","1,05,708","1,06,425","1,06,158","1,06,039","1,06,444","1,06,570","1,06,834","1,07,134","1,07,224","1,07,312","1,07,310","1,07,205","1,07,230","1,07,640","1,07,872","1,08,047","1,08,084","1,07,620","1,07,984","1,08,085","1,08,224","1,08,343","1,08,705","1,08,850","1,09,296","1,09,922","1,09,889","1,10,334","1,11,108","1,11,622","1,11,883","1,12,187","1,12,613","1,12,893","1,13,122","1,13,174","1,13,337","1,13,405","1,13,398","1,13,501","1,13,497","1,13,762","1,13,849","1,14,342","1,14,459","1,14,510","1,14,493","1,15,162","1,15,094","1,15,395","1,15,455","1,15,439","1,15,808","1,16,027","1,15,589","1,06,041","96,218","1,03,389","1,05,577","1,10,132","1,12,821","1,13,620","1,13,813","1,14,068","1,14,637","1,15,077","1,15,481","1,17,246","1,12,288","1,15,117","1,16,133","1,17,517","1,18,249","1,18,311","1,18,498","1,18,744","1,18,819","1,18,051","1,18,060","1,17,792","1,18,349","1,18,968","1,19,797","1,19,867","1,19,838","1,20,179","1,20,303","1,20,733","1,21,139","1,21,302","1,21,912","1,21,982","1,21,836","1,22,079","1,22,040","1,22,329","1,22,675","1,22,973","1,23,304","1,22,993"
Health care and social assistance  [62],"1,28,033","1,27,929","1,28,157","1,28,563","1,28,773","1,29,118","1,29,321","1,29,903","1,30,245","1,30,628","1,30,634","1,31,095","1,31,641","1,31,883","1,31,955","1,32,106","1,32,326","1,32,587","1,32,738","1,32,685","1,32,809","1,32,513","1,32,669","1,32,850","1,33,123","1,33,333","1,33,672","1,33,890","1,33,947","1,34,099","1,34,380","1,34,449","1,34,853","1,35,200","1,35,554","1,35,929","1,36,186","1,35,906","1,36,124","1,36,142","1,36,374","1,36,588","1,36,760","1,36,897","1,37,070","1,37,122","1,37,592","1,37,819","1,37,973","1,38,116","1,38,060","1,38,516","1,38,591","1,38,767","1,39,206","1,39,511","1,39,560","1,39,396","1,39,310","1,39,169","1,39,126","1,38,658","1,38,626","1,38,712","1,38,716","1,38,857","1,39,036","1,38,960","1,39,152","1,39,272","1,39,663","1,39,975","1,40,085","1,40,337","1,40,627","1,40,770","1,41,220","1,41,595","1,41,875","1,41,802","1,41,589","1,41,379","1,41,438","1,41,466","1,41,785","1,42,249","1,42,465","1,42,898","1,42,920","1,43,008","1,43,323","1,43,408","1,43,519","1,44,106","1,44,341","1,44,583","1,45,146","1,45,545","1,45,949","1,45,980","1,46,342","1,46,616","1,46,959","1,47,255","1,47,326","1,47,320","1,47,331","1,47,178","1,47,301","1,47,398","1,47,675","1,47,717","1,47,761","1,48,217","1,48,338","1,48,698","1,48,940","1,48,966","1,49,369","1,49,928","1,50,938","1,51,532","1,52,089","1,52,600","1,53,073","1,53,485","1,53,863","1,53,855","1,54,147","1,54,326","1,54,554","1,54,898","1,54,859","1,55,013","1,55,071","1,55,239","1,55,275","1,55,874","1,56,389","1,57,049","1,57,181","1,57,694","1,58,462","1,59,318","1,59,024","1,60,088","1,49,634","1,36,984","1,41,708","1,50,327","1,55,114","1,56,925","1,58,085","1,59,517","1,60,343","1,60,851","1,61,700","1,62,510","1,63,493","1,64,358","1,65,256","1,66,087","1,66,968","1,67,378","1,67,475","1,67,518","1,67,505","1,67,732","1,67,636","1,68,526","1,68,786","1,68,796","1,68,883","1,69,089","1,69,648","1,69,768","1,70,690","1,71,111","1,71,437","1,71,658","1,72,090","1,72,575","1,72,902","1,73,208","1,73,572","1,73,859","1,74,029","1,74,539","1,74,964","1,75,520","1,75,868"
"Arts, entertainment and recreation  [71]","13,875","13,743","13,691","13,877","14,100","13,926","13,993","14,022","13,964","14,052","14,023","14,026","14,157","14,119","14,069","14,247","13,954","13,749","13,749","13,683","13,757","13,612","13,667","13,618","13,559","14,365","13,528","13,254","13,267","13,402","13,363","13,425","13,288","13,234","13,251","13,188","13,261","13,326","13,035","13,136","13,169","13,552","13,423","13,232","13,551","13,690","13,691","13,735","14,090","13,797","13,925","13,661","13,390","13,723","13,785","13,706","12,958","12,756","12,642","12,402","13,158","13,043","13,182","13,487","13,384","13,190","13,362","13,511","13,710","13,784","13,865","14,049","13,998","13,443","14,198","14,332","14,407","14,359","14,307","14,323","14,197","14,081","14,298","14,168","14,230","14,124","14,127","14,219","14,050","14,788","14,728","14,538","14,469","14,678","14,537","14,742","14,757","14,755","14,801","14,504","14,796","14,802","14,913","14,934","15,080","14,918","14,908","14,960","15,308","15,144","15,408","15,964","15,545","15,500","15,590","15,787","15,788","15,697","15,797","15,732","15,795","15,950","15,803","15,726","15,927","15,882","15,669","15,610","15,937","16,060","16,183","16,426","16,442","16,449","16,634","16,551","16,589","16,664","16,673","16,662","16,817","17,038","16,953","17,108","17,029","17,230","11,925","7,037","6,943","7,608","9,162","9,966","10,109","10,375","10,244","10,220","9,898","9,955","10,080","9,450","9,419","10,097","11,047","12,003","12,539","13,288","13,915","12,889","10,943","11,986","13,950","14,909","15,521","16,074","16,077","16,424","16,557","16,758","16,960","17,177","17,620","17,054","17,220","17,383","17,531","17,448","17,521","17,355","16,958","17,016","17,089"
Accommodation and food services  [72],"37,302","36,699","37,127","37,287","37,440","37,493","37,281","37,823","37,677","37,529","37,920","37,461","38,361","38,227","37,920","37,764","37,219","37,216","37,650","37,741","37,994","37,119","37,507","37,668","37,692","38,631","37,813","37,473","37,432","37,368","37,031","37,400","37,270","37,493","37,678","37,585","37,529","37,651","37,823","38,227","38,480","38,458","38,537","38,370","38,834","38,624","39,080","38,948","38,766","38,903","39,429","38,952","39,180","39,168","39,523","39,333","39,676","39,464","39,635","39,728","40,090","40,161","40,396","40,209","40,748","40,828","40,614","41,155","41,000","41,195","41,492","41,185","41,799","42,154","42,410","42,569","43,077","43,239","42,993","43,607","43,476","43,878","43,917","44,106","43,852","43,536","43,511","44,023","44,167","44,468","44,549","44,413","44,264","44,541","44,493","44,727","45,031","45,320","45,417","45,511","45,289","45,537","45,872","45,915","45,800","45,345","45,431","44,595","46,160","45,413","45,612","45,928","45,808","46,113","46,027","46,136","46,339","46,067","46,195","46,082","46,414","46,483","46,491","46,400","46,556","46,714","47,330","47,193","47,316","47,492","47,772","48,247","48,245","48,152","48,487","48,420","48,440","48,638","48,640","48,717","48,496","48,514","48,859","49,028","48,187","47,568","30,701","17,731","20,567","25,510","30,233","32,908","32,845","29,961","30,359","27,410","28,255","29,304","33,267","29,400","28,254","33,465","37,440","40,108","39,903","39,184","40,179","39,285","33,810","38,267","41,510","41,838","42,768","43,181","43,546","43,988","43,977","44,088","43,649","43,642","45,048","44,883","44,615","44,779","44,368","43,792","44,263","43,758","44,130","44,555","44,781"
Other services (except public administration)  [81],"36,116","36,161","36,276","36,412","36,465","36,482","36,575","36,778","36,870","36,902","36,636","36,531","36,676","36,717","36,454","36,305","36,038","36,070","36,135","36,008","36,006","35,796","35,909","35,928","35,910","35,778","35,778","35,750","35,643","35,611","35,527","35,619","35,854","36,010","36,174","36,244","36,281","36,272","36,516","36,585","36,855","37,177","37,072","37,018","37,073","37,144","37,246","37,297","37,331","37,369","37,493","37,483","37,459","37,542","37,805","37,914","37,873","37,848","37,879","37,780","38,118","38,134","38,111","38,246","38,382","38,265","38,674","38,754","38,808","38,830","39,139","39,102","39,222","39,454","39,463","39,602","39,795","39,924","40,111","40,121","40,190","40,089","40,137","40,189","40,073","40,113","40,134","40,173","40,109","40,092","40,030","39,919","39,864","39,912","39,843","39,870","39,712","39,514","39,390","39,262","39,274","39,240","39,244","39,320","39,373","39,379","39,486","39,629","39,773","40,123","40,425","40,642","40,824","41,010","41,019","41,185","41,309","41,255","41,283","41,316","41,471","41,508","41,572","41,524","41,526","41,460","41,489","41,496","41,383","41,390","41,411","41,590","41,654","41,613","41,694","41,806","41,751","41,743","41,756","41,676","41,659","41,622","41,644","41,674","41,175","41,326","36,893","30,191","32,012","34,201","36,730","37,624","38,259","38,604","38,754","38,723","38,707","38,831","38,812","38,852","38,864","39,098","39,997","40,463","40,889","41,289","41,503","41,771","42,160","42,472","42,728","43,083","43,411","43,692","43,922","44,144","44,362","44,343","44,373","44,390","44,497","44,542","44,665","44,870","44,838","44,813","44,758","44,688","44,631","44,629","44,683"
Public administration  [91],"1,23,146","1,23,948","1,24,308","1,24,990","1,25,579","1,26,081","1,26,818","1,27,287","1,28,041","1,28,659","1,29,371","1,29,875","1,30,541","1,31,141","1,31,713","1,32,219","1,32,751","1,33,037","1,32,902","1,34,281","1,34,788","1,35,244","1,35,488","1,35,684","1,36,013","1,35,907","1,35,682","1,36,002","1,36,296","1,36,686","1,37,179","1,37,541","1,37,907","1,38,235","1,38,202","1,38,482","1,38,773","1,38,638","1,38,747","1,39,048","1,39,779","1,40,137","1,40,187","1,40,146","1,40,038","1,39,673","1,39,484","1,39,117","1,38,814","1,38,784","1,38,306","1,38,396","1,38,698","1,38,558","1,38,300","1,38,235","1,37,855","1,37,797","1,38,461","1,38,117","1,38,105","1,38,046","1,37,785","1,37,260","1,37,372","1,37,548","1,37,656","1,37,973","1,37,770","1,37,989","1,38,023","1,37,931","1,37,708","1,37,611","1,37,488","1,37,232","1,37,103","1,36,983","1,36,845","1,36,791","1,36,783","1,36,858","1,36,885","1,36,864","1,37,092","1,37,416","1,37,772","1,37,873","1,37,830","1,37,963","1,38,113","1,38,082","1,38,197","1,38,360","1,38,342","1,38,564","1,39,012","1,39,386","1,39,583","1,39,926","1,40,836","1,41,002","1,40,607","1,40,735","1,40,959","1,40,671","1,40,735","1,40,832","1,41,492","1,41,754","1,41,960","1,41,909","1,42,078","1,42,567","1,43,147","1,43,779","1,44,301","1,44,353","1,44,498","1,44,630","1,45,126","1,45,552","1,46,075","1,46,688","1,47,448","1,47,870","1,48,318","1,48,641","1,48,676","1,49,039","1,49,160","1,49,255","1,49,861","1,49,864","1,50,064","1,50,090","1,50,287","1,50,268","1,50,581","1,50,691","1,50,386","1,51,055","1,51,071","1,51,698","1,52,526","1,53,068","1,45,130","1,41,249","1,41,711","1,44,397","1,47,144","1,48,090","1,49,730","1,51,070","1,51,284","1,52,269","1,52,473","1,52,891","1,54,409","1,54,685","1,54,511","1,55,701","1,55,955","1,54,978","1,56,961","1,55,813","1,56,381","1,56,742","1,56,057","1,57,126","1,57,196","1,57,156","1,58,125","1,58,586","1,58,996","1,59,501","1,59,142","1,60,439","1,61,106","1,61,486","1,62,248","1,62,910","1,63,658","1,61,436","1,63,863","1,64,746","1,65,562","1,66,069","1,66,303","1,66,632","1,66,704"
